id,login,email,namefirst,namelast,age,gender
146,Knight09,France@mail.ru,Ludovic,France,1750-06-01,Male
147,hello1234,roman1199@mail.ru,Roman,Hrapov,2006-01-20,Male
148,urt242,Dkerhgsa@mail.ru,Urnteu,Dkerhgsa,1901-06-04,Male
149,DragonKN1,Ivarads@gmail.com,Requsit,Ivarads,1950-01-09,Male
150,Prodsa12,Prodsanov@mail.ru,Ivan,Prodsanov,2000-06-20,Male
151,Jorjia12,Jackens@gmail.com,Jhorhia,Jackens,1945-03-13,Female
152,Lisi123,Daerwabs@gmail.com,Liesa,Daerwabs,2001-02-04,Female
153,Right23,Wright@gmail.com,"Will and Orv",Wright,1867-04-16,Male
154,Sergo123,Nembed@gmail.com,Sergo,Nembed,1650-06-03,Male
155,Kira12,Aevaqe@gmail.com,Kira,Aevaqe,1993-11-15,Female
156,Photograph123,Lukas@gmail.com,Lukas,Rus,2021-06-15,Male
157,neoMatrix,neoMatrix@neo.com,Neo,Smith,1990-01-01,Male
159,hello123,roman1199@mail.ru,Roman,Hrapov,2021-06-17,Male
160,Player12,Player12@gyangkmail.com,"Gandalf "," Grey",1992-10-20,Male
