imagepath,id,login,email,namefirst,namelast,age,gender
"../images/users/images (1).jpg",149,DragonKN1,Ivarads@gmail.com,Requsit,Ivarads,1950-01-09,Male
../images/users/portrait.jpg,159,hello123,roman1199@mail.ru,Roman,Hrapov,2021-06-17,Male
../images/users/dota-date-announcement_thumb_16x9.jpg,147,hello1234,roman1199@mail.ru,Roman,Hrapov,2006-01-20,Male
../images/users/f341a6c6da04bc62_848x477.jpg,145,Jora423,Jordand199@Nilekd.ru,"Jordand ",Nilekd,2001-06-03,Male
"../images/users/Без названия.jpg",151,Jorjia12,Jackens@gmail.com,Jhorhia,Jackens,1945-03-13,Female
../images/users/Mirana_Lunar_art.png,155,Kira12,Aevaqe@gmail.com,Kira,Aevaqe,1993-11-15,Female
../images/users/depositphotos_17974895-stock-photo-the-medieval-knight-st-petersburg.jpg,146,Knight09,France@mail.ru,Ludovic,France,1750-06-01,Male
../images/users/30709559.jpg,152,Lisi123,Daerwabs@gmail.com,Liesa,Daerwabs,2001-02-04,Female
../images/users/Neo2.jpg,157,neoMatrix,neoMatrix@neo.com,Neo,Smith,1990-01-01,Male
../images/users/_DHQ.jpg,156,Photograph123,Lukas@gmail.com,Lukas,Rus,2021-06-15,Male
../images/users/111017.png,160,Player12,Player12@gyangkmail.com,"Gandalf "," Grey",1992-10-20,Male
../images/users/975-780x410.png,150,Prodsa12,Prodsanov@mail.ru,Ivan,Prodsanov,2000-06-20,Male
../images/users/wa3616.1500x1500.jpg,153,Right23,Wright@gmail.com,"Will and Orv",Wright,1867-04-16,Male
../images/users/shablon-novost-109.png,154,Sergo123,Nembed@gmail.com,Sergo,Nembed,1650-06-03,Male
../images/users/ACF_Promo_ACV.webp,148,urt242,Dkerhgsa@mail.ru,Urnteu,Dkerhgsa,1901-06-04,Male
